1,{'analytics_hourly.HourlyAnvilSessionCreate.All';'Distinct';'Sessions';'Hourly'},graphite,analytics_hourly.HourlyAnvilSessionCreate.All,http://graphite.tokbox.com/render?from=-60days&until=now&width=1400&height=820&target=analytics_hourly.HourlyAnvilSessionCreate.All&hideLegend=false&fontSize=14&yMin=0&title=Connect FailureRate daily
2,{'analytics_hourly.HourlyGSIInvalidSession.*.All*';'getSessionInfo';'Invalid';'Session'},graphite,analytics_hourly.HourlyGSIInvalidSession.*.All*,http://graphite.tokbox.com/render?from=-60days&until=now&width=1400&height=820&target=analytics_hourly.HourlyGSIInvalidSession.*.All*&hideLegend=false&fontSize=14&yMin=0&title=Connect FailureRate daily
3,{'analytics_hourly.HourlyGSIInvalidSessionAttempts.*.All*';'getSessionInfo';'Failure';'Attempts';'With';'Invalid';'Session'},graphite,analytics_hourly.HourlyGSIInvalidSessionAttempts.*.All*,http://graphite.tokbox.com/render?from=-60days&until=now&width=1400&height=820&target=analytics_hourly.HourlyGSIInvalidSessionAttempts.*.All*&hideLegend=false&fontSize=14&yMin=0&title=Connect FailureRate daily
4,{'analytics.50percentileloadtime.*';'Percentile';'Webpage';'LoadTime'},graphite,analytics.50percentileloadtime.*,http://graphite.tokbox.com/render?from=-60days&until=now&width=1400&height=820&target=analytics.50percentileloadtime.*&hideLegend=false&fontSize=14&yMin=0&title=Connect FailureRate daily
5,{'analytics.95percentileloadtime.*';'Percentile';'Webpage';'LoadTime'},graphite,analytics.95percentileloadtime.*,http://graphite.tokbox.com/render?from=-60days&until=now&width=1400&height=820&target=analytics.95percentileloadtime.*&hideLegend=false&fontSize=14&yMin=0&title=Connect FailureRate daily
6,{'analytics.allowdenyfunnel.*';'Allow';'Deny';'Funnel'},graphite,analytics.allowdenyfunnel.*,http://graphite.tokbox.com/render?from=-60days&until=now&width=1400&height=820&target=analytics.allowdenyfunnel.*&hideLegend=false&fontSize=14&yMin=0&title=Connect FailureRate daily
7,{'analytics.AndroidDevice.*';'Android';'Devices';'Names'},graphite,analytics.AndroidDevice.*,http://graphite.tokbox.com/render?from=-60days&until=now&width=1400&height=820&target=analytics.AndroidDevice.*&hideLegend=false&fontSize=14&yMin=0&title=Connect FailureRate daily
8,{'analytics.ChromeConnections.*.All*';'Chrome';'Connections';'By';'Browser';'Version'},graphite,analytics.ChromeConnections.*.All*,http://graphite.tokbox.com/render?from=-60days&until=now&width=1400&height=820&target=analytics.ChromeConnections.*.All*&hideLegend=false&fontSize=14&yMin=0&title=Connect FailureRate daily
9,{'analytics.ChromePubMinutes.*.All*';'Chrome';'Published';'Minutes';'By';'Browser';'Version'},graphite,analytics.ChromePubMinutes.*.All*,http://graphite.tokbox.com/render?from=-60days&until=now&width=1400&height=820&target=analytics.ChromePubMinutes.*.All*&hideLegend=false&fontSize=14&yMin=0&title=Connect FailureRate daily
10,{'analytics.ChromeSubMinutes.*.All*';'Chrome';'Published';'Minutes';'By';'Browser';'Version'},graphite,analytics.ChromeSubMinutes.*.All*,http://graphite.tokbox.com/render?from=-60days&until=now&width=1400&height=820&target=analytics.ChromeSubMinutes.*.All*&hideLegend=false&fontSize=14&yMin=0&title=Connect FailureRate daily
11,{'analytics.ConGSITime.*.*.AllContinentDataCenter';'Widget';'getSessionInfo';'times';'daily';'bounded';'by';'and';'ms';'By';'Continent';'Data';'Center'},graphite,analytics.ConGSITime.*.*.AllContinentDataCenter,http://graphite.tokbox.com/render?from=-60days&until=now&width=1400&height=820&target=analytics.ConGSITime.*.*.AllContinentDataCenter&hideLegend=false&fontSize=14&yMin=0&title=Connect FailureRate daily
12,{'analytics.ConGSITime.*.AllBrowser';'getSessionInfo';'times';'daily';'bounded';'by';'and';'ms';'By';'Browser'},graphite,analytics.ConGSITime.*.AllBrowser,http://graphite.tokbox.com/render?from=-60days&until=now&width=1400&height=820&target=analytics.ConGSITime.*.AllBrowser&hideLegend=false&fontSize=14&yMin=0&title=Connect FailureRate daily
13,{'analytics.ConGSITime.*.AllContinent';'Widget';'getSessionInfo';'times';'daily';'bounded';'by';'and';'ms';'By';'Continent'},graphite,analytics.ConGSITime.*.AllContinent,http://graphite.tokbox.com/render?from=-60days&until=now&width=1400&height=820&target=analytics.ConGSITime.*.AllContinent&hideLegend=false&fontSize=14&yMin=0&title=Connect FailureRate daily
14,{'analytics.ConGSITime.*.AllDataCenter';'Widget';'getSessionInfo';'times';'daily';'bounded';'by';'and';'ms';'By';'Data'},graphite,analytics.ConGSITime.*.AllDataCenter,http://graphite.tokbox.com/render?from=-60days&until=now&width=1400&height=820&target=analytics.ConGSITime.*.AllDataCenter&hideLegend=false&fontSize=14&yMin=0&title=Connect FailureRate daily
15,{'analytics.ConGSITime.*.AllFlashver';'Widget';'getSessionInfo';'times';'daily';'bounded';'by';'and';'ms';'By';'Flashver'},graphite,analytics.ConGSITime.*.AllFlashver,http://graphite.tokbox.com/render?from=-60days&until=now&width=1400&height=820&target=analytics.ConGSITime.*.AllFlashver&hideLegend=false&fontSize=14&yMin=0&title=Connect FailureRate daily
16,{'analytics.ConGSITime.*.AllMediaServer';'Widget';'getSessionInfo';'times';'daily';'bounded';'by';'and';'ms';'By';'Media'},graphite,analytics.ConGSITime.*.AllMediaServer,http://graphite.tokbox.com/render?from=-60days&until=now&width=1400&height=820&target=analytics.ConGSITime.*.AllMediaServer&hideLegend=false&fontSize=14&yMin=0&title=Connect FailureRate daily
17,{'analytics.ConGSITime.*.AllOS';'Widget';'getSessionInfo';'times';'daily';'bounded';'by';'and';'ms';'By';'OS'},graphite,analytics.ConGSITime.*.AllOS,http://graphite.tokbox.com/render?from=-60days&until=now&width=1400&height=820&target=analytics.ConGSITime.*.AllOS&hideLegend=false&fontSize=14&yMin=0&title=Connect FailureRate daily
18,{'analytics.ConGSITime.*.Top25ConConnections';'getSessionInfo';'daily';'bounded';'by';'and';'ms';'By';'Top';'Partners'},graphite,analytics.ConGSITime.*.Top25ConConnections,http://graphite.tokbox.com/render?from=-60days&until=now&width=1400&height=820&target=analytics.ConGSITime.*.Top25ConConnections&hideLegend=false&fontSize=14&yMin=0&title=Connect FailureRate daily
19,{'analytics.ConGSITime.All';'and';'getStreamInfo';'times';'times';'daily';'bounded';'by';'and';'ms'},graphite,analytics.ConGSITime.All,http://graphite.tokbox.com/render?from=-60days&until=now&width=1400&height=820&target=analytics.ConGSITime.All&hideLegend=false&fontSize=14&yMin=0&title=Connect FailureRate daily
20,{'analytics.ConGSITime.All';'getSessionInfo';'times';'daily';'bounded';'by';'and';'ms'},graphite,analytics.ConGSITime.All,http://graphite.tokbox.com/render?from=-60days&until=now&width=1400&height=820&target=analytics.ConGSITime.All&hideLegend=false&fontSize=14&yMin=0&title=Connect FailureRate daily
21,{'analytics.ConLoadTime.*.*.AllContinentDataCenter';'Widget';'Load';'times';'daily';'bounded';'by';'and';'ms';'By';'Continent';'Data';'Center'},graphite,analytics.ConLoadTime.*.*.AllContinentDataCenter,http://graphite.tokbox.com/render?from=-60days&until=now&width=1400&height=820&target=analytics.ConLoadTime.*.*.AllContinentDataCenter&hideLegend=false&fontSize=14&yMin=0&title=Connect FailureRate daily
22,{'analytics.ConLoadTime.*.AllBrowser';'Widget';'Load';'times';'daily';'bounded';'by';'and';'ms';'By';'Browser'},graphite,analytics.ConLoadTime.*.AllBrowser,http://graphite.tokbox.com/render?from=-60days&until=now&width=1400&height=820&target=analytics.ConLoadTime.*.AllBrowser&hideLegend=false&fontSize=14&yMin=0&title=Connect FailureRate daily
23,{'analytics.ConLoadTime.*.AllContinent';'Widget';'Load';'times';'daily';'bounded';'by';'and';'ms';'By';'Continent'},graphite,analytics.ConLoadTime.*.AllContinent,http://graphite.tokbox.com/render?from=-60days&until=now&width=1400&height=820&target=analytics.ConLoadTime.*.AllContinent&hideLegend=false&fontSize=14&yMin=0&title=Connect FailureRate daily
24,{'analytics.ConLoadTime.*.AllDataCenter';'Widget';'Load';'times';'daily';'bounded';'by';'and';'ms';'By';'Data'},graphite,analytics.ConLoadTime.*.AllDataCenter,http://graphite.tokbox.com/render?from=-60days&until=now&width=1400&height=820&target=analytics.ConLoadTime.*.AllDataCenter&hideLegend=false&fontSize=14&yMin=0&title=Connect FailureRate daily
25,{'analytics.ConLoadTime.*.AllFlashver';'Widget';'Load';'times';'daily';'bounded';'by';'and';'ms';'By';'Flashver'},graphite,analytics.ConLoadTime.*.AllFlashver,http://graphite.tokbox.com/render?from=-60days&until=now&width=1400&height=820&target=analytics.ConLoadTime.*.AllFlashver&hideLegend=false&fontSize=14&yMin=0&title=Connect FailureRate daily
26,{'analytics.ConLoadTime.*.AllMediaServer';'Widget';'Load';'times';'daily';'bounded';'by';'and';'ms';'By';'Media'},graphite,analytics.ConLoadTime.*.AllMediaServer,http://graphite.tokbox.com/render?from=-60days&until=now&width=1400&height=820&target=analytics.ConLoadTime.*.AllMediaServer&hideLegend=false&fontSize=14&yMin=0&title=Connect FailureRate daily
27,{'analytics.ConLoadTime.*.AllOS';'Widget';'Load';'times';'daily';'bounded';'by';'and';'ms';'By';'OS'},graphite,analytics.ConLoadTime.*.AllOS,http://graphite.tokbox.com/render?from=-60days&until=now&width=1400&height=820&target=analytics.ConLoadTime.*.AllOS&hideLegend=false&fontSize=14&yMin=0&title=Connect FailureRate daily
28,{'analytics.ConLoadTime.*.Top25ConConnections';'Widget';'Load';'times';'daily';'bounded';'by';'and';'ms';'By';'Top';'Partners'},graphite,analytics.ConLoadTime.*.Top25ConConnections,http://graphite.tokbox.com/render?from=-60days&until=now&width=1400&height=820&target=analytics.ConLoadTime.*.Top25ConConnections&hideLegend=false&fontSize=14&yMin=0&title=Connect FailureRate daily
29,{'analytics.ConLoadTime.All';'Load';'times';'daily';'bounded';'by';'and';'ms'},graphite,analytics.ConLoadTime.All,http://graphite.tokbox.com/render?from=-60days&until=now&width=1400&height=820&target=analytics.ConLoadTime.All&hideLegend=false&fontSize=14&yMin=0&title=Connect FailureRate daily
30,{'analytics.ConLoadTime.All';'Widget';'Load';'times';'daily';'bounded';'by';'and';'ms'},graphite,analytics.ConLoadTime.All,http://graphite.tokbox.com/render?from=-60days&until=now&width=1400&height=820&target=analytics.ConLoadTime.All&hideLegend=false&fontSize=14&yMin=0&title=Connect FailureRate daily
31,{'analytics.ConNCCTime.*.*.AllContinentDataCenter';'Widget';'netConnectionConnect';'times';'daily';'bounded';'by';'and';'ms';'By';'Continent';'Data';'Center'},graphite,analytics.ConNCCTime.*.*.AllContinentDataCenter,http://graphite.tokbox.com/render?from=-60days&until=now&width=1400&height=820&target=analytics.ConNCCTime.*.*.AllContinentDataCenter&hideLegend=false&fontSize=14&yMin=0&title=Connect FailureRate daily
32,{'analytics.ConNCCTime.*.AllBrowser';'netConnectionConnect';'times';'daily';'bounded';'by';'and';'ms';'By';'Browser'},graphite,analytics.ConNCCTime.*.AllBrowser,http://graphite.tokbox.com/render?from=-60days&until=now&width=1400&height=820&target=analytics.ConNCCTime.*.AllBrowser&hideLegend=false&fontSize=14&yMin=0&title=Connect FailureRate daily
33,{'analytics.ConNCCTime.*.AllContinent';'Widget';'netConnectionConnect';'times';'daily';'bounded';'by';'and';'ms';'By';'Continent'},graphite,analytics.ConNCCTime.*.AllContinent,http://graphite.tokbox.com/render?from=-60days&until=now&width=1400&height=820&target=analytics.ConNCCTime.*.AllContinent&hideLegend=false&fontSize=14&yMin=0&title=Connect FailureRate daily
34,{'analytics.ConNCCTime.*.AllDataCenter';'Widget';'netConnectionConnect';'times';'daily';'bounded';'by';'and';'ms';'By';'Data'},graphite,analytics.ConNCCTime.*.AllDataCenter,http://graphite.tokbox.com/render?from=-60days&until=now&width=1400&height=820&target=analytics.ConNCCTime.*.AllDataCenter&hideLegend=false&fontSize=14&yMin=0&title=Connect FailureRate daily
35,{'analytics.ConNCCTime.*.AllFlashver';'Widget';'netConnectionConnect';'times';'daily';'bounded';'by';'and';'ms';'By';'Flashver'},graphite,analytics.ConNCCTime.*.AllFlashver,http://graphite.tokbox.com/render?from=-60days&until=now&width=1400&height=820&target=analytics.ConNCCTime.*.AllFlashver&hideLegend=false&fontSize=14&yMin=0&title=Connect FailureRate daily
36,{'analytics.ConNCCTime.*.AllMediaServer';'Widget';'netConnectionConnect';'times';'daily';'bounded';'by';'and';'ms';'By';'Media'},graphite,analytics.ConNCCTime.*.AllMediaServer,http://graphite.tokbox.com/render?from=-60days&until=now&width=1400&height=820&target=analytics.ConNCCTime.*.AllMediaServer&hideLegend=false&fontSize=14&yMin=0&title=Connect FailureRate daily
37,{'analytics.ConNCCTime.*.AllOS';'Widget';'netConnectionConnect';'times';'daily';'bounded';'by';'and';'ms';'By';'OS'},graphite,analytics.ConNCCTime.*.AllOS,http://graphite.tokbox.com/render?from=-60days&until=now&width=1400&height=820&target=analytics.ConNCCTime.*.AllOS&hideLegend=false&fontSize=14&yMin=0&title=Connect FailureRate daily
38,{'analytics.ConNCCTime.*.Top25ConConnections';'netConnectionConnect';'daily';'bounded';'by';'and';'ms';'By';'Top';'Partners'},graphite,analytics.ConNCCTime.*.Top25ConConnections,http://graphite.tokbox.com/render?from=-60days&until=now&width=1400&height=820&target=analytics.ConNCCTime.*.Top25ConConnections&hideLegend=false&fontSize=14&yMin=0&title=Connect FailureRate daily
39,{'analytics.ConNCCTime.All';'Connection';'Connection';'times';'times';'daily';'bounded';'by';'and';'ms'},graphite,analytics.ConNCCTime.All,http://graphite.tokbox.com/render?from=-60days&until=now&width=1400&height=820&target=analytics.ConNCCTime.All&hideLegend=false&fontSize=14&yMin=0&title=Connect FailureRate daily
40,{'analytics.ConNCCTime.All';'netConnectionConnect';'times';'daily';'bounded';'by';'and';'ms'},graphite,analytics.ConNCCTime.All,http://graphite.tokbox.com/render?from=-60days&until=now&width=1400&height=820&target=analytics.ConNCCTime.All&hideLegend=false&fontSize=14&yMin=0&title=Connect FailureRate daily
41,{'analytics.ConnectFailureRate.*.*.AllBrowserOS';'FailureRate';'daily';'By';'OSBrowserOS'},graphite,analytics.ConnectFailureRate.*.*.AllBrowserOS,http://graphite.tokbox.com/render?from=-60days&until=now&width=1400&height=820&target=analytics.ConnectFailureRate.*.*.AllBrowserOS&hideLegend=false&fontSize=14&yMin=0&title=Connect FailureRate daily
42,{'analytics.ConnectFailureRate.*.*.AllOS';'FailureRate';'daily';'By';'OSOS'},graphite,analytics.ConnectFailureRate.*.*.AllOS,http://graphite.tokbox.com/render?from=-60days&until=now&width=1400&height=820&target=analytics.ConnectFailureRate.*.*.AllOS&hideLegend=false&fontSize=14&yMin=0&title=Connect FailureRate daily
43,{'analytics.ConnectFailureRate.*.AllBrowser';'FailureRate';'daily';'By';'Browser'},graphite,analytics.ConnectFailureRate.*.AllBrowser,http://graphite.tokbox.com/render?from=-60days&until=now&width=1400&height=820&target=analytics.ConnectFailureRate.*.AllBrowser&hideLegend=false&fontSize=14&yMin=0&title=Connect FailureRate daily
44,{'analytics.ConnectFailureRate.*.AllDataCenter';'FailureRate';'daily';'By';'Data';'Center'},graphite,analytics.ConnectFailureRate.*.AllDataCenter,http://graphite.tokbox.com/render?from=-60days&until=now&width=1400&height=820&target=analytics.ConnectFailureRate.*.AllDataCenter&hideLegend=false&fontSize=14&yMin=0&title=Connect FailureRate daily
45,{'analytics.ConnectFailureRate.*.AllMantisServer';'FailureRate';'daily';'By';'MantisServer'},graphite,analytics.ConnectFailureRate.*.AllMantisServer,http://graphite.tokbox.com/render?from=-60days&until=now&width=1400&height=820&target=analytics.ConnectFailureRate.*.AllMantisServer&hideLegend=false&fontSize=14&yMin=0&title=Connect FailureRate daily
46,{'analytics.ConnectFailureRate.*.AllTop25';'FailureRate';'daily';'By';'Top';'Partners'},graphite,analytics.ConnectFailureRate.*.AllTop25,http://graphite.tokbox.com/render?from=-60days&until=now&width=1400&height=820&target=analytics.ConnectFailureRate.*.AllTop25&hideLegend=false&fontSize=14&yMin=0&title=Connect FailureRate daily
47,{'analytics.ConnectFailureRate.All';'FailureRate';'daily'},graphite,analytics.ConnectFailureRate.All,http://graphite.tokbox.com/render?from=-60days&until=now&width=1400&height=820&target=analytics.ConnectFailureRate.All&hideLegend=false&fontSize=14&yMin=0&title=Connect FailureRate daily
48,{'analytics.ConnectionMinutes.*.*.AllContinentDataCenter';'User';'Minutes';'By';'Continent';'and';'Data';'Center'},graphite,analytics.ConnectionMinutes.*.*.AllContinentDataCenter,http://graphite.tokbox.com/render?from=-60days&until=now&width=1400&height=820&target=analytics.ConnectionMinutes.*.*.AllContinentDataCenter&hideLegend=false&fontSize=14&yMin=0&title=Connect FailureRate daily
49,{'analytics.ConnectionMinutes.*.AllBrowser';'User';'Minutes';'By';'Browser';'Daily'},graphite,analytics.ConnectionMinutes.*.AllBrowser,http://graphite.tokbox.com/render?from=-60days&until=now&width=1400&height=820&target=analytics.ConnectionMinutes.*.AllBrowser&hideLegend=false&fontSize=14&yMin=0&title=Connect FailureRate daily
50,{'analytics.ConnectionMinutes.*.AllContinent';'User';'Minutes';'By';'Continent'},graphite,analytics.ConnectionMinutes.*.AllContinent,http://graphite.tokbox.com/render?from=-60days&until=now&width=1400&height=820&target=analytics.ConnectionMinutes.*.AllContinent&hideLegend=false&fontSize=14&yMin=0&title=Connect FailureRate daily
51,{'analytics.ConnectionMinutes.*.AllDataCenter';'User';'Minutes';'By';'Data';'Center'},graphite,analytics.ConnectionMinutes.*.AllDataCenter,http://graphite.tokbox.com/render?from=-60days&until=now&width=1400&height=820&target=analytics.ConnectionMinutes.*.AllDataCenter&hideLegend=false&fontSize=14&yMin=0&title=Connect FailureRate daily
52,{'analytics.ConnectionMinutes.*.AllFlashver';'User';'Minutes';'By';'Flashver'},graphite,analytics.ConnectionMinutes.*.AllFlashver,http://graphite.tokbox.com/render?from=-60days&until=now&width=1400&height=820&target=analytics.ConnectionMinutes.*.AllFlashver&hideLegend=false&fontSize=14&yMin=0&title=Connect FailureRate daily
53,{'analytics.ConnectionMinutes.*.AllMediaServer';'User';'Minutes';'By';'Media';'Server'},graphite,analytics.ConnectionMinutes.*.AllMediaServer,http://graphite.tokbox.com/render?from=-60days&until=now&width=1400&height=820&target=analytics.ConnectionMinutes.*.AllMediaServer&hideLegend=false&fontSize=14&yMin=0&title=Connect FailureRate daily
54,{'analytics.ConnectionMinutes.*.AllOS';'User';'Minutes';'By';'OS'},graphite,analytics.ConnectionMinutes.*.AllOS,http://graphite.tokbox.com/render?from=-60days&until=now&width=1400&height=820&target=analytics.ConnectionMinutes.*.AllOS&hideLegend=false&fontSize=14&yMin=0&title=Connect FailureRate daily
55,{'analytics.ConnectionMinutes.All';'User';'Minutes';'Daily'},graphite,analytics.ConnectionMinutes.All,http://graphite.tokbox.com/render?from=-60days&until=now&width=1400&height=820&target=analytics.ConnectionMinutes.All&hideLegend=false&fontSize=14&yMin=0&title=Connect FailureRate daily
56,{'analytics.EventConnections.*.AllBrowser';'Connections';'By';'Browser'},graphite,analytics.EventConnections.*.AllBrowser,http://graphite.tokbox.com/render?from=-60days&until=now&width=1400&height=820&target=analytics.EventConnections.*.AllBrowser&hideLegend=false&fontSize=14&yMin=0&title=Connect FailureRate daily
57,{'analytics.EventConnections.*.AllContinent';'Connections';'By';'Continent'},graphite,analytics.EventConnections.*.AllContinent,http://graphite.tokbox.com/render?from=-60days&until=now&width=1400&height=820&target=analytics.EventConnections.*.AllContinent&hideLegend=false&fontSize=14&yMin=0&title=Connect FailureRate daily
58,{'analytics.EventConnections.*.AllFlashver';'Connections';'By';'Flashver'},graphite,analytics.EventConnections.*.AllFlashver,http://graphite.tokbox.com/render?from=-60days&until=now&width=1400&height=820&target=analytics.EventConnections.*.AllFlashver&hideLegend=false&fontSize=14&yMin=0&title=Connect FailureRate daily
59,{'analytics.EventConnections.*.AllOS';'Connections';'By';'OS'},graphite,analytics.EventConnections.*.AllOS,http://graphite.tokbox.com/render?from=-60days&until=now&width=1400&height=820&target=analytics.EventConnections.*.AllOS&hideLegend=false&fontSize=14&yMin=0&title=Connect FailureRate daily
60,{'analytics.EventConnections.All';'Connections';'Daily'},graphite,analytics.EventConnections.All,http://graphite.tokbox.com/render?from=-60days&until=now&width=1400&height=820&target=analytics.EventConnections.All&hideLegend=false&fontSize=14&yMin=0&title=Connect FailureRate daily
61,{'analytics.flash_interop_chrome.*';'Chrome';'Interop';'Streamed';'Flash';'Minutes'},graphite,analytics.flash_interop_chrome.*,http://graphite.tokbox.com/render?from=-60days&until=now&width=1400&height=820&target=analytics.flash_interop_chrome.*&hideLegend=false&fontSize=14&yMin=0&title=Connect FailureRate daily
62,{'analytics.interop_chrome_webrtc.*';'Chrome';'Interop';'Streamed';'WebRTC';'Minutes'},graphite,analytics.interop_chrome_webrtc.*,http://graphite.tokbox.com/render?from=-60days&until=now&width=1400&height=820&target=analytics.interop_chrome_webrtc.*&hideLegend=false&fontSize=14&yMin=0&title=Connect FailureRate daily
63,{'analytics.P2PPubConnections.*.AllBrowser';'Pub';'Connections';'By';'Browser';'Daily'},graphite,analytics.P2PPubConnections.*.AllBrowser,http://graphite.tokbox.com/render?from=-60days&until=now&width=1400&height=820&target=analytics.P2PPubConnections.*.AllBrowser&hideLegend=false&fontSize=14&yMin=0&title=Connect FailureRate daily
64,{'analytics.P2PPubConnections.*.AllFlashver';'Pub';'Connections';'By';'Flashver'},graphite,analytics.P2PPubConnections.*.AllFlashver,http://graphite.tokbox.com/render?from=-60days&until=now&width=1400&height=820&target=analytics.P2PPubConnections.*.AllFlashver&hideLegend=false&fontSize=14&yMin=0&title=Connect FailureRate daily
65,{'analytics.P2PPubConnections.*.AllOS';'Pub';'Connections';'By';'OS'},graphite,analytics.P2PPubConnections.*.AllOS,http://graphite.tokbox.com/render?from=-60days&until=now&width=1400&height=820&target=analytics.P2PPubConnections.*.AllOS&hideLegend=false&fontSize=14&yMin=0&title=Connect FailureRate daily
66,{'analytics.P2PPubConnections.*.AllP2PServer';'Pub';'Connections';'By';'P2PServer'},graphite,analytics.P2PPubConnections.*.AllP2PServer,http://graphite.tokbox.com/render?from=-60days&until=now&width=1400&height=820&target=analytics.P2PPubConnections.*.AllP2PServer&hideLegend=false&fontSize=14&yMin=0&title=Connect FailureRate daily
67,{'analytics.P2PPubConnections.*.AllTop25';'Pub';'Connections';'By';'Top25'},graphite,analytics.P2PPubConnections.*.AllTop25,http://graphite.tokbox.com/render?from=-60days&until=now&width=1400&height=820&target=analytics.P2PPubConnections.*.AllTop25&hideLegend=false&fontSize=14&yMin=0&title=Connect FailureRate daily
68,{'analytics.P2PPubConnections.All';'Pub';'Connections';'Daily'},graphite,analytics.P2PPubConnections.All,http://graphite.tokbox.com/render?from=-60days&until=now&width=1400&height=820&target=analytics.P2PPubConnections.All&hideLegend=false&fontSize=14&yMin=0&title=Connect FailureRate daily
69,{'analytics.P2PPubMinutes.*.AllBrowser';'Pub';'Minutes';'By';'Browser';'Daily'},graphite,analytics.P2PPubMinutes.*.AllBrowser,http://graphite.tokbox.com/render?from=-60days&until=now&width=1400&height=820&target=analytics.P2PPubMinutes.*.AllBrowser&hideLegend=false&fontSize=14&yMin=0&title=Connect FailureRate daily
70,{'analytics.P2PPubMinutes.*.AllDataCenter';'Pub';'Minutes';'By';'Data';'Center'},graphite,analytics.P2PPubMinutes.*.AllDataCenter,http://graphite.tokbox.com/render?from=-60days&until=now&width=1400&height=820&target=analytics.P2PPubMinutes.*.AllDataCenter&hideLegend=false&fontSize=14&yMin=0&title=Connect FailureRate daily
71,{'analytics.P2PPubMinutes.*.AllFlashver';'Pub';'Minutes';'By';'Flashver'},graphite,analytics.P2PPubMinutes.*.AllFlashver,http://graphite.tokbox.com/render?from=-60days&until=now&width=1400&height=820&target=analytics.P2PPubMinutes.*.AllFlashver&hideLegend=false&fontSize=14&yMin=0&title=Connect FailureRate daily
72,{'analytics.P2PPubMinutes.*.AllOS';'Pub';'Minutes';'By';'OS'},graphite,analytics.P2PPubMinutes.*.AllOS,http://graphite.tokbox.com/render?from=-60days&until=now&width=1400&height=820&target=analytics.P2PPubMinutes.*.AllOS&hideLegend=false&fontSize=14&yMin=0&title=Connect FailureRate daily
73,{'analytics.P2PPubMinutes.*.AllP2PServer';'Pub';'Minutes';'By';'P2PServer'},graphite,analytics.P2PPubMinutes.*.AllP2PServer,http://graphite.tokbox.com/render?from=-60days&until=now&width=1400&height=820&target=analytics.P2PPubMinutes.*.AllP2PServer&hideLegend=false&fontSize=14&yMin=0&title=Connect FailureRate daily
74,{'analytics.P2PPubMinutes.All';'Pub';'Minutes';'Daily'},graphite,analytics.P2PPubMinutes.All,http://graphite.tokbox.com/render?from=-60days&until=now&width=1400&height=820&target=analytics.P2PPubMinutes.All&hideLegend=false&fontSize=14&yMin=0&title=Connect FailureRate daily
75,{'analytics.P2PSubMinutes.*.AllBrowser';'Sub';'Minutes';'By';'Browser';'Daily'},graphite,analytics.P2PSubMinutes.*.AllBrowser,http://graphite.tokbox.com/render?from=-60days&until=now&width=1400&height=820&target=analytics.P2PSubMinutes.*.AllBrowser&hideLegend=false&fontSize=14&yMin=0&title=Connect FailureRate daily
76,{'analytics.P2PSubMinutes.*.AllDataCenter';'Sub';'Minutes';'By';'Data';'Center'},graphite,analytics.P2PSubMinutes.*.AllDataCenter,http://graphite.tokbox.com/render?from=-60days&until=now&width=1400&height=820&target=analytics.P2PSubMinutes.*.AllDataCenter&hideLegend=false&fontSize=14&yMin=0&title=Connect FailureRate daily
77,{'analytics.P2PSubMinutes.*.AllFlashver';'Sub';'Minutes';'By';'Flashver'},graphite,analytics.P2PSubMinutes.*.AllFlashver,http://graphite.tokbox.com/render?from=-60days&until=now&width=1400&height=820&target=analytics.P2PSubMinutes.*.AllFlashver&hideLegend=false&fontSize=14&yMin=0&title=Connect FailureRate daily
78,{'analytics.P2PSubMinutes.*.AllOS';'Sub';'Minutes';'By';'OS'},graphite,analytics.P2PSubMinutes.*.AllOS,http://graphite.tokbox.com/render?from=-60days&until=now&width=1400&height=820&target=analytics.P2PSubMinutes.*.AllOS&hideLegend=false&fontSize=14&yMin=0&title=Connect FailureRate daily
79,{'analytics.P2PSubMinutes.All';'Sub';'Minutes';'Daily'},graphite,analytics.P2PSubMinutes.All,http://graphite.tokbox.com/render?from=-60days&until=now&width=1400&height=820&target=analytics.P2PSubMinutes.All&hideLegend=false&fontSize=14&yMin=0&title=Connect FailureRate daily
80,{'analytics.P2PTimeOut.*.AllP2PServer';'Timeout';'By';'P2PServer'},graphite,analytics.P2PTimeOut.*.AllP2PServer,http://graphite.tokbox.com/render?from=-60days&until=now&width=1400&height=820&target=analytics.P2PTimeOut.*.AllP2PServer&hideLegend=false&fontSize=14&yMin=0&title=Connect FailureRate daily
81,{'analytics.P2PTimeOut.All';'Timeout';'Daily'},graphite,analytics.P2PTimeOut.All,http://graphite.tokbox.com/render?from=-60days&until=now&width=1400&height=820&target=analytics.P2PTimeOut.All&hideLegend=false&fontSize=14&yMin=0&title=Connect FailureRate daily
82,{'analytics.pageloadtime.*'},graphite,analytics.pageloadtime.*,http://graphite.tokbox.com/render?from=-60days&until=now&width=1400&height=820&target=analytics.pageloadtime.*&hideLegend=false&fontSize=14&yMin=0&title=Connect FailureRate daily
83,{'analytics.PubGSITime.*.*.AllContinentDataCenter'},graphite,analytics.PubGSITime.*.*.AllContinentDataCenter,http://graphite.tokbox.com/render?from=-60days&until=now&width=1400&height=820&target=analytics.PubGSITime.*.*.AllContinentDataCenter&hideLegend=false&fontSize=14&yMin=0&title=Connect FailureRate daily
84,{'analytics.PubGSITime.*.AllBrowser'},graphite,analytics.PubGSITime.*.AllBrowser,http://graphite.tokbox.com/render?from=-60days&until=now&width=1400&height=820&target=analytics.PubGSITime.*.AllBrowser&hideLegend=false&fontSize=14&yMin=0&title=Connect FailureRate daily
85,{'analytics.PubGSITime.*.AllContinent'},graphite,analytics.PubGSITime.*.AllContinent,http://graphite.tokbox.com/render?from=-60days&until=now&width=1400&height=820&target=analytics.PubGSITime.*.AllContinent&hideLegend=false&fontSize=14&yMin=0&title=Connect FailureRate daily
86,{'analytics.PubGSITime.*.AllDataCenter'},graphite,analytics.PubGSITime.*.AllDataCenter,http://graphite.tokbox.com/render?from=-60days&until=now&width=1400&height=820&target=analytics.PubGSITime.*.AllDataCenter&hideLegend=false&fontSize=14&yMin=0&title=Connect FailureRate daily
87,{'analytics.PubGSITime.*.AllFlashver'},graphite,analytics.PubGSITime.*.AllFlashver,http://graphite.tokbox.com/render?from=-60days&until=now&width=1400&height=820&target=analytics.PubGSITime.*.AllFlashver&hideLegend=false&fontSize=14&yMin=0&title=Connect FailureRate daily
88,{'analytics.PubGSITime.*.AllMediaServer'},graphite,analytics.PubGSITime.*.AllMediaServer,http://graphite.tokbox.com/render?from=-60days&until=now&width=1400&height=820&target=analytics.PubGSITime.*.AllMediaServer&hideLegend=false&fontSize=14&yMin=0&title=Connect FailureRate daily
89,{'analytics.PubGSITime.*.AllOS'},graphite,analytics.PubGSITime.*.AllOS,http://graphite.tokbox.com/render?from=-60days&until=now&width=1400&height=820&target=analytics.PubGSITime.*.AllOS&hideLegend=false&fontSize=14&yMin=0&title=Connect FailureRate daily
90,{'analytics.PubGSITime.*.Top25PubConnections'},graphite,analytics.PubGSITime.*.Top25PubConnections,http://graphite.tokbox.com/render?from=-60days&until=now&width=1400&height=820&target=analytics.PubGSITime.*.Top25PubConnections&hideLegend=false&fontSize=14&yMin=0&title=Connect FailureRate daily
91,{'analytics.PubGSITime.All'},graphite,analytics.PubGSITime.All,http://graphite.tokbox.com/render?from=-60days&until=now&width=1400&height=820&target=analytics.PubGSITime.All&hideLegend=false&fontSize=14&yMin=0&title=Connect FailureRate daily
92,{'analytics.PubLoadTime.*.*.AllContinentDataCenter'},graphite,analytics.PubLoadTime.*.*.AllContinentDataCenter,http://graphite.tokbox.com/render?from=-60days&until=now&width=1400&height=820&target=analytics.PubLoadTime.*.*.AllContinentDataCenter&hideLegend=false&fontSize=14&yMin=0&title=Connect FailureRate daily
93,{'analytics.PubLoadTime.*.AllBrowser'},graphite,analytics.PubLoadTime.*.AllBrowser,http://graphite.tokbox.com/render?from=-60days&until=now&width=1400&height=820&target=analytics.PubLoadTime.*.AllBrowser&hideLegend=false&fontSize=14&yMin=0&title=Connect FailureRate daily
94,{'analytics.PubLoadTime.*.AllContinent'},graphite,analytics.PubLoadTime.*.AllContinent,http://graphite.tokbox.com/render?from=-60days&until=now&width=1400&height=820&target=analytics.PubLoadTime.*.AllContinent&hideLegend=false&fontSize=14&yMin=0&title=Connect FailureRate daily
95,{'analytics.PubLoadTime.*.AllDataCenter'},graphite,analytics.PubLoadTime.*.AllDataCenter,http://graphite.tokbox.com/render?from=-60days&until=now&width=1400&height=820&target=analytics.PubLoadTime.*.AllDataCenter&hideLegend=false&fontSize=14&yMin=0&title=Connect FailureRate daily
96,{'analytics.PubLoadTime.*.AllFlashver'},graphite,analytics.PubLoadTime.*.AllFlashver,http://graphite.tokbox.com/render?from=-60days&until=now&width=1400&height=820&target=analytics.PubLoadTime.*.AllFlashver&hideLegend=false&fontSize=14&yMin=0&title=Connect FailureRate daily
97,{'analytics.PubLoadTime.*.AllMediaServer'},graphite,analytics.PubLoadTime.*.AllMediaServer,http://graphite.tokbox.com/render?from=-60days&until=now&width=1400&height=820&target=analytics.PubLoadTime.*.AllMediaServer&hideLegend=false&fontSize=14&yMin=0&title=Connect FailureRate daily
98,{'analytics.PubLoadTime.*.AllOS'},graphite,analytics.PubLoadTime.*.AllOS,http://graphite.tokbox.com/render?from=-60days&until=now&width=1400&height=820&target=analytics.PubLoadTime.*.AllOS&hideLegend=false&fontSize=14&yMin=0&title=Connect FailureRate daily
99,{'analytics.PubLoadTime.*.Top25PubConnections'},graphite,analytics.PubLoadTime.*.Top25PubConnections,http://graphite.tokbox.com/render?from=-60days&until=now&width=1400&height=820&target=analytics.PubLoadTime.*.Top25PubConnections&hideLegend=false&fontSize=14&yMin=0&title=Connect FailureRate daily
100,{'analytics.PubLoadTime.All'},graphite,analytics.PubLoadTime.All,http://graphite.tokbox.com/render?from=-60days&until=now&width=1400&height=820&target=analytics.PubLoadTime.All&hideLegend=false&fontSize=14&yMin=0&title=Connect FailureRate daily
101,{'analytics.PubMinutes.*.*.AllContinentDataCenter'},graphite,analytics.PubMinutes.*.*.AllContinentDataCenter,http://graphite.tokbox.com/render?from=-60days&until=now&width=1400&height=820&target=analytics.PubMinutes.*.*.AllContinentDataCenter&hideLegend=false&fontSize=14&yMin=0&title=Connect FailureRate daily
102,{'analytics.PubMinutes.*.AllBrowser'},graphite,analytics.PubMinutes.*.AllBrowser,http://graphite.tokbox.com/render?from=-60days&until=now&width=1400&height=820&target=analytics.PubMinutes.*.AllBrowser&hideLegend=false&fontSize=14&yMin=0&title=Connect FailureRate daily
103,{'analytics.PubMinutes.*.AllContinent'},graphite,analytics.PubMinutes.*.AllContinent,http://graphite.tokbox.com/render?from=-60days&until=now&width=1400&height=820&target=analytics.PubMinutes.*.AllContinent&hideLegend=false&fontSize=14&yMin=0&title=Connect FailureRate daily
104,{'analytics.PubMinutes.*.AllDataCenter'},graphite,analytics.PubMinutes.*.AllDataCenter,http://graphite.tokbox.com/render?from=-60days&until=now&width=1400&height=820&target=analytics.PubMinutes.*.AllDataCenter&hideLegend=false&fontSize=14&yMin=0&title=Connect FailureRate daily
105,{'analytics.PubMinutes.*.AllFlashver'},graphite,analytics.PubMinutes.*.AllFlashver,http://graphite.tokbox.com/render?from=-60days&until=now&width=1400&height=820&target=analytics.PubMinutes.*.AllFlashver&hideLegend=false&fontSize=14&yMin=0&title=Connect FailureRate daily
106,{'analytics.PubMinutes.*.AllMediaServer'},graphite,analytics.PubMinutes.*.AllMediaServer,http://graphite.tokbox.com/render?from=-60days&until=now&width=1400&height=820&target=analytics.PubMinutes.*.AllMediaServer&hideLegend=false&fontSize=14&yMin=0&title=Connect FailureRate daily
107,{'analytics.PubMinutes.*.AllOS'},graphite,analytics.PubMinutes.*.AllOS,http://graphite.tokbox.com/render?from=-60days&until=now&width=1400&height=820&target=analytics.PubMinutes.*.AllOS&hideLegend=false&fontSize=14&yMin=0&title=Connect FailureRate daily
108,{'analytics.PubMinutes.*.Top25PubMinutes'},graphite,analytics.PubMinutes.*.Top25PubMinutes,http://graphite.tokbox.com/render?from=-60days&until=now&width=1400&height=820&target=analytics.PubMinutes.*.Top25PubMinutes&hideLegend=false&fontSize=14&yMin=0&title=Connect FailureRate daily
109,{'analytics.PubMinutes.All'},graphite,analytics.PubMinutes.All,http://graphite.tokbox.com/render?from=-60days&until=now&width=1400&height=820&target=analytics.PubMinutes.All&hideLegend=false&fontSize=14&yMin=0&title=Connect FailureRate daily
110,{'analytics.PubMinutes.All'},graphite,analytics.PubMinutes.All,http://graphite.tokbox.com/render?from=-60days&until=now&width=1400&height=820&target=analytics.PubMinutes.All&hideLegend=false&fontSize=14&yMin=0&title=Connect FailureRate daily
111,{'analytics.PubNCCTime.*.*.AllContinentDataCenter'},graphite,analytics.PubNCCTime.*.*.AllContinentDataCenter,http://graphite.tokbox.com/render?from=-60days&until=now&width=1400&height=820&target=analytics.PubNCCTime.*.*.AllContinentDataCenter&hideLegend=false&fontSize=14&yMin=0&title=Connect FailureRate daily
112,{'analytics.PubNCCTime.*.AllBrowser'},graphite,analytics.PubNCCTime.*.AllBrowser,http://graphite.tokbox.com/render?from=-60days&until=now&width=1400&height=820&target=analytics.PubNCCTime.*.AllBrowser&hideLegend=false&fontSize=14&yMin=0&title=Connect FailureRate daily
113,{'analytics.PubNCCTime.*.AllContinent'},graphite,analytics.PubNCCTime.*.AllContinent,http://graphite.tokbox.com/render?from=-60days&until=now&width=1400&height=820&target=analytics.PubNCCTime.*.AllContinent&hideLegend=false&fontSize=14&yMin=0&title=Connect FailureRate daily
114,{'analytics.PubNCCTime.*.AllDataCenter'},graphite,analytics.PubNCCTime.*.AllDataCenter,http://graphite.tokbox.com/render?from=-60days&until=now&width=1400&height=820&target=analytics.PubNCCTime.*.AllDataCenter&hideLegend=false&fontSize=14&yMin=0&title=Connect FailureRate daily
115,{'analytics.PubNCCTime.*.AllFlashver'},graphite,analytics.PubNCCTime.*.AllFlashver,http://graphite.tokbox.com/render?from=-60days&until=now&width=1400&height=820&target=analytics.PubNCCTime.*.AllFlashver&hideLegend=false&fontSize=14&yMin=0&title=Connect FailureRate daily
116,{'analytics.PubNCCTime.*.AllMediaServer'},graphite,analytics.PubNCCTime.*.AllMediaServer,http://graphite.tokbox.com/render?from=-60days&until=now&width=1400&height=820&target=analytics.PubNCCTime.*.AllMediaServer&hideLegend=false&fontSize=14&yMin=0&title=Connect FailureRate daily
117,{'analytics.PubNCCTime.*.AllOS'},graphite,analytics.PubNCCTime.*.AllOS,http://graphite.tokbox.com/render?from=-60days&until=now&width=1400&height=820&target=analytics.PubNCCTime.*.AllOS&hideLegend=false&fontSize=14&yMin=0&title=Connect FailureRate daily
118,{'analytics.PubNCCTime.*.Top25PubConnections'},graphite,analytics.PubNCCTime.*.Top25PubConnections,http://graphite.tokbox.com/render?from=-60days&until=now&width=1400&height=820&target=analytics.PubNCCTime.*.Top25PubConnections&hideLegend=false&fontSize=14&yMin=0&title=Connect FailureRate daily
119,{'analytics.PubNCCTime.All'},graphite,analytics.PubNCCTime.All,http://graphite.tokbox.com/render?from=-60days&until=now&width=1400&height=820&target=analytics.PubNCCTime.All&hideLegend=false&fontSize=14&yMin=0&title=Connect FailureRate daily
120,{'analytics.QosConnections.*.AllBrowser'},graphite,analytics.QosConnections.*.AllBrowser,http://graphite.tokbox.com/render?from=-60days&until=now&width=1400&height=820&target=analytics.QosConnections.*.AllBrowser&hideLegend=false&fontSize=14&yMin=0&title=Connect FailureRate daily
121,{'analytics.QosConnections.*.AllDataCenter'},graphite,analytics.QosConnections.*.AllDataCenter,http://graphite.tokbox.com/render?from=-60days&until=now&width=1400&height=820&target=analytics.QosConnections.*.AllDataCenter&hideLegend=false&fontSize=14&yMin=0&title=Connect FailureRate daily
122,{'analytics.QosConnections.*.AllFlashver'},graphite,analytics.QosConnections.*.AllFlashver,http://graphite.tokbox.com/render?from=-60days&until=now&width=1400&height=820&target=analytics.QosConnections.*.AllFlashver&hideLegend=false&fontSize=14&yMin=0&title=Connect FailureRate daily
123,{'analytics.QosConnections.*.AllMediaServerName'},graphite,analytics.QosConnections.*.AllMediaServerName,http://graphite.tokbox.com/render?from=-60days&until=now&width=1400&height=820&target=analytics.QosConnections.*.AllMediaServerName&hideLegend=false&fontSize=14&yMin=0&title=Connect FailureRate daily
124,{'analytics.QosConnections.*.AllOS'},graphite,analytics.QosConnections.*.AllOS,http://graphite.tokbox.com/render?from=-60days&until=now&width=1400&height=820&target=analytics.QosConnections.*.AllOS&hideLegend=false&fontSize=14&yMin=0&title=Connect FailureRate daily
125,{'analytics.QosConnections.*.AllStreamType'},graphite,analytics.QosConnections.*.AllStreamType,http://graphite.tokbox.com/render?from=-60days&until=now&width=1400&height=820&target=analytics.QosConnections.*.AllStreamType&hideLegend=false&fontSize=14&yMin=0&title=Connect FailureRate daily
126,{'analytics.QosConnections.All'},graphite,analytics.QosConnections.All,http://graphite.tokbox.com/render?from=-60days&until=now&width=1400&height=820&target=analytics.QosConnections.All&hideLegend=false&fontSize=14&yMin=0&title=Connect FailureRate daily
127,{'analytics.RTMFPFallBackMinutes.*.AllP2PServer'},graphite,analytics.RTMFPFallBackMinutes.*.AllP2PServer,http://graphite.tokbox.com/render?from=-60days&until=now&width=1400&height=820&target=analytics.RTMFPFallBackMinutes.*.AllP2PServer&hideLegend=false&fontSize=14&yMin=0&title=Connect FailureRate daily
128,{'analytics.RTMFPFallBackMinutes.All'},graphite,analytics.RTMFPFallBackMinutes.All,http://graphite.tokbox.com/render?from=-60days&until=now&width=1400&height=820&target=analytics.RTMFPFallBackMinutes.All&hideLegend=false&fontSize=14&yMin=0&title=Connect FailureRate daily
129,{'analytics.split_sessions.All'},graphite,analytics.split_sessions.All,http://graphite.tokbox.com/render?from=-60days&until=now&width=1400&height=820&target=analytics.split_sessions.All&hideLegend=false&fontSize=14&yMin=0&title=Connect FailureRate daily
130,{'analytics.SubGSITime.*.*.AllContinentDataCenter'},graphite,analytics.SubGSITime.*.*.AllContinentDataCenter,http://graphite.tokbox.com/render?from=-60days&until=now&width=1400&height=820&target=analytics.SubGSITime.*.*.AllContinentDataCenter&hideLegend=false&fontSize=14&yMin=0&title=Connect FailureRate daily
131,{'analytics.SubGSITime.*.AllBrowser'},graphite,analytics.SubGSITime.*.AllBrowser,http://graphite.tokbox.com/render?from=-60days&until=now&width=1400&height=820&target=analytics.SubGSITime.*.AllBrowser&hideLegend=false&fontSize=14&yMin=0&title=Connect FailureRate daily
132,{'analytics.SubGSITime.*.AllContinent'},graphite,analytics.SubGSITime.*.AllContinent,http://graphite.tokbox.com/render?from=-60days&until=now&width=1400&height=820&target=analytics.SubGSITime.*.AllContinent&hideLegend=false&fontSize=14&yMin=0&title=Connect FailureRate daily
133,{'analytics.SubGSITime.*.AllDataCenter'},graphite,analytics.SubGSITime.*.AllDataCenter,http://graphite.tokbox.com/render?from=-60days&until=now&width=1400&height=820&target=analytics.SubGSITime.*.AllDataCenter&hideLegend=false&fontSize=14&yMin=0&title=Connect FailureRate daily
134,{'analytics.SubGSITime.*.AllFlashver'},graphite,analytics.SubGSITime.*.AllFlashver,http://graphite.tokbox.com/render?from=-60days&until=now&width=1400&height=820&target=analytics.SubGSITime.*.AllFlashver&hideLegend=false&fontSize=14&yMin=0&title=Connect FailureRate daily
135,{'analytics.SubGSITime.*.AllMediaServer'},graphite,analytics.SubGSITime.*.AllMediaServer,http://graphite.tokbox.com/render?from=-60days&until=now&width=1400&height=820&target=analytics.SubGSITime.*.AllMediaServer&hideLegend=false&fontSize=14&yMin=0&title=Connect FailureRate daily
136,{'analytics.SubGSITime.*.AllOS'},graphite,analytics.SubGSITime.*.AllOS,http://graphite.tokbox.com/render?from=-60days&until=now&width=1400&height=820&target=analytics.SubGSITime.*.AllOS&hideLegend=false&fontSize=14&yMin=0&title=Connect FailureRate daily
137,{'analytics.SubGSITime.*.Top25SubConnections'},graphite,analytics.SubGSITime.*.Top25SubConnections,http://graphite.tokbox.com/render?from=-60days&until=now&width=1400&height=820&target=analytics.SubGSITime.*.Top25SubConnections&hideLegend=false&fontSize=14&yMin=0&title=Connect FailureRate daily
138,{'analytics.SubGSITime.All'},graphite,analytics.SubGSITime.All,http://graphite.tokbox.com/render?from=-60days&until=now&width=1400&height=820&target=analytics.SubGSITime.All&hideLegend=false&fontSize=14&yMin=0&title=Connect FailureRate daily
139,{'analytics.SubLoadTime.*.*.AllContinentDataCenter'},graphite,analytics.SubLoadTime.*.*.AllContinentDataCenter,http://graphite.tokbox.com/render?from=-60days&until=now&width=1400&height=820&target=analytics.SubLoadTime.*.*.AllContinentDataCenter&hideLegend=false&fontSize=14&yMin=0&title=Connect FailureRate daily
140,{'analytics.SubLoadTime.*.AllBrowser'},graphite,analytics.SubLoadTime.*.AllBrowser,http://graphite.tokbox.com/render?from=-60days&until=now&width=1400&height=820&target=analytics.SubLoadTime.*.AllBrowser&hideLegend=false&fontSize=14&yMin=0&title=Connect FailureRate daily
141,{'analytics.SubLoadTime.*.AllContinent'},graphite,analytics.SubLoadTime.*.AllContinent,http://graphite.tokbox.com/render?from=-60days&until=now&width=1400&height=820&target=analytics.SubLoadTime.*.AllContinent&hideLegend=false&fontSize=14&yMin=0&title=Connect FailureRate daily
142,{'analytics.SubLoadTime.*.AllDataCenter'},graphite,analytics.SubLoadTime.*.AllDataCenter,http://graphite.tokbox.com/render?from=-60days&until=now&width=1400&height=820&target=analytics.SubLoadTime.*.AllDataCenter&hideLegend=false&fontSize=14&yMin=0&title=Connect FailureRate daily
143,{'analytics.SubLoadTime.*.AllFlashver'},graphite,analytics.SubLoadTime.*.AllFlashver,http://graphite.tokbox.com/render?from=-60days&until=now&width=1400&height=820&target=analytics.SubLoadTime.*.AllFlashver&hideLegend=false&fontSize=14&yMin=0&title=Connect FailureRate daily
144,{'analytics.SubLoadTime.*.AllMediaServer'},graphite,analytics.SubLoadTime.*.AllMediaServer,http://graphite.tokbox.com/render?from=-60days&until=now&width=1400&height=820&target=analytics.SubLoadTime.*.AllMediaServer&hideLegend=false&fontSize=14&yMin=0&title=Connect FailureRate daily
145,{'analytics.SubLoadTime.*.AllOS'},graphite,analytics.SubLoadTime.*.AllOS,http://graphite.tokbox.com/render?from=-60days&until=now&width=1400&height=820&target=analytics.SubLoadTime.*.AllOS&hideLegend=false&fontSize=14&yMin=0&title=Connect FailureRate daily
146,{'analytics.SubLoadTime.*.Top25SubConnections'},graphite,analytics.SubLoadTime.*.Top25SubConnections,http://graphite.tokbox.com/render?from=-60days&until=now&width=1400&height=820&target=analytics.SubLoadTime.*.Top25SubConnections&hideLegend=false&fontSize=14&yMin=0&title=Connect FailureRate daily
147,{'analytics.SubLoadTime.All'},graphite,analytics.SubLoadTime.All,http://graphite.tokbox.com/render?from=-60days&until=now&width=1400&height=820&target=analytics.SubLoadTime.All&hideLegend=false&fontSize=14&yMin=0&title=Connect FailureRate daily
148,{'analytics.SubMinutes.*.*.AllContinentDataCenter'},graphite,analytics.SubMinutes.*.*.AllContinentDataCenter,http://graphite.tokbox.com/render?from=-60days&until=now&width=1400&height=820&target=analytics.SubMinutes.*.*.AllContinentDataCenter&hideLegend=false&fontSize=14&yMin=0&title=Connect FailureRate daily
149,{'analytics.SubMinutes.*.AllBrowser'},graphite,analytics.SubMinutes.*.AllBrowser,http://graphite.tokbox.com/render?from=-60days&until=now&width=1400&height=820&target=analytics.SubMinutes.*.AllBrowser&hideLegend=false&fontSize=14&yMin=0&title=Connect FailureRate daily
150,{'analytics.SubMinutes.*.AllContinent'},graphite,analytics.SubMinutes.*.AllContinent,http://graphite.tokbox.com/render?from=-60days&until=now&width=1400&height=820&target=analytics.SubMinutes.*.AllContinent&hideLegend=false&fontSize=14&yMin=0&title=Connect FailureRate daily
151,{'analytics.SubMinutes.*.AllDataCenter'},graphite,analytics.SubMinutes.*.AllDataCenter,http://graphite.tokbox.com/render?from=-60days&until=now&width=1400&height=820&target=analytics.SubMinutes.*.AllDataCenter&hideLegend=false&fontSize=14&yMin=0&title=Connect FailureRate daily
152,{'analytics.SubMinutes.*.AllFlashver'},graphite,analytics.SubMinutes.*.AllFlashver,http://graphite.tokbox.com/render?from=-60days&until=now&width=1400&height=820&target=analytics.SubMinutes.*.AllFlashver&hideLegend=false&fontSize=14&yMin=0&title=Connect FailureRate daily
153,{'analytics.SubMinutes.*.AllMediaServer'},graphite,analytics.SubMinutes.*.AllMediaServer,http://graphite.tokbox.com/render?from=-60days&until=now&width=1400&height=820&target=analytics.SubMinutes.*.AllMediaServer&hideLegend=false&fontSize=14&yMin=0&title=Connect FailureRate daily
154,{'analytics.SubMinutes.*.AllOS'},graphite,analytics.SubMinutes.*.AllOS,http://graphite.tokbox.com/render?from=-60days&until=now&width=1400&height=820&target=analytics.SubMinutes.*.AllOS&hideLegend=false&fontSize=14&yMin=0&title=Connect FailureRate daily
155,{'analytics.SubMinutes.*.Top25SubMinutes'},graphite,analytics.SubMinutes.*.Top25SubMinutes,http://graphite.tokbox.com/render?from=-60days&until=now&width=1400&height=820&target=analytics.SubMinutes.*.Top25SubMinutes&hideLegend=false&fontSize=14&yMin=0&title=Connect FailureRate daily
156,{'analytics.SubMinutes.All'},graphite,analytics.SubMinutes.All,http://graphite.tokbox.com/render?from=-60days&until=now&width=1400&height=820&target=analytics.SubMinutes.All&hideLegend=false&fontSize=14&yMin=0&title=Connect FailureRate daily
157,{'analytics.SubNCCTime.*.*.AllContinentDataCenter'},graphite,analytics.SubNCCTime.*.*.AllContinentDataCenter,http://graphite.tokbox.com/render?from=-60days&until=now&width=1400&height=820&target=analytics.SubNCCTime.*.*.AllContinentDataCenter&hideLegend=false&fontSize=14&yMin=0&title=Connect FailureRate daily
158,{'analytics.SubNCCTime.*.AllBrowser'},graphite,analytics.SubNCCTime.*.AllBrowser,http://graphite.tokbox.com/render?from=-60days&until=now&width=1400&height=820&target=analytics.SubNCCTime.*.AllBrowser&hideLegend=false&fontSize=14&yMin=0&title=Connect FailureRate daily
159,{'analytics.SubNCCTime.*.AllContinent'},graphite,analytics.SubNCCTime.*.AllContinent,http://graphite.tokbox.com/render?from=-60days&until=now&width=1400&height=820&target=analytics.SubNCCTime.*.AllContinent&hideLegend=false&fontSize=14&yMin=0&title=Connect FailureRate daily
160,{'analytics.SubNCCTime.*.AllDataCenter'},graphite,analytics.SubNCCTime.*.AllDataCenter,http://graphite.tokbox.com/render?from=-60days&until=now&width=1400&height=820&target=analytics.SubNCCTime.*.AllDataCenter&hideLegend=false&fontSize=14&yMin=0&title=Connect FailureRate daily
161,{'analytics.SubNCCTime.*.AllFlashver'},graphite,analytics.SubNCCTime.*.AllFlashver,http://graphite.tokbox.com/render?from=-60days&until=now&width=1400&height=820&target=analytics.SubNCCTime.*.AllFlashver&hideLegend=false&fontSize=14&yMin=0&title=Connect FailureRate daily
162,{'analytics.SubNCCTime.*.AllMediaServer'},graphite,analytics.SubNCCTime.*.AllMediaServer,http://graphite.tokbox.com/render?from=-60days&until=now&width=1400&height=820&target=analytics.SubNCCTime.*.AllMediaServer&hideLegend=false&fontSize=14&yMin=0&title=Connect FailureRate daily
163,{'analytics.SubNCCTime.*.AllOS'},graphite,analytics.SubNCCTime.*.AllOS,http://graphite.tokbox.com/render?from=-60days&until=now&width=1400&height=820&target=analytics.SubNCCTime.*.AllOS&hideLegend=false&fontSize=14&yMin=0&title=Connect FailureRate daily
164,{'analytics.SubNCCTime.*.Top25SubConnections'},graphite,analytics.SubNCCTime.*.Top25SubConnections,http://graphite.tokbox.com/render?from=-60days&until=now&width=1400&height=820&target=analytics.SubNCCTime.*.Top25SubConnections&hideLegend=false&fontSize=14&yMin=0&title=Connect FailureRate daily
165,{'analytics.SubNCCTime.All'},graphite,analytics.SubNCCTime.All,http://graphite.tokbox.com/render?from=-60days&until=now&width=1400&height=820&target=analytics.SubNCCTime.All&hideLegend=false&fontSize=14&yMin=0&title=Connect FailureRate daily
166,{'analytics.Top10AndroidDevice.*'},graphite,analytics.Top10AndroidDevice.*,http://graphite.tokbox.com/render?from=-60days&until=now&width=1400&height=820&target=analytics.Top10AndroidDevice.*&hideLegend=false&fontSize=14&yMin=0&title=Connect FailureRate daily
167,{'analytics.Top10iOSDevice.*'},graphite,analytics.Top10iOSDevice.*,http://graphite.tokbox.com/render?from=-60days&until=now&width=1400&height=820&target=analytics.Top10iOSDevice.*&hideLegend=false&fontSize=14&yMin=0&title=Connect FailureRate daily
168,{'analytics.webrtc_gsi.*'},graphite,analytics.webrtc_gsi.*,http://graphite.tokbox.com/render?from=-60days&until=now&width=1400&height=820&target=analytics.webrtc_gsi.*&hideLegend=false&fontSize=14&yMin=0&title=Connect FailureRate daily
169,{'analytics.webrtc_pcc.*.*'},graphite,analytics.webrtc_pcc.*.*,http://graphite.tokbox.com/render?from=-60days&until=now&width=1400&height=820&target=analytics.webrtc_pcc.*.*&hideLegend=false&fontSize=14&yMin=0&title=Connect FailureRate daily
170,{'analytics.webrtc_pcc.*.*.*'},graphite,analytics.webrtc_pcc.*.*.*,http://graphite.tokbox.com/render?from=-60days&until=now&width=1400&height=820&target=analytics.webrtc_pcc.*.*.*&hideLegend=false&fontSize=14&yMin=0&title=Connect FailureRate daily
171,{'analytics.websitevisits.*'},graphite,analytics.websitevisits.*,http://graphite.tokbox.com/render?from=-60days&until=now&width=1400&height=820&target=analytics.websitevisits.*&hideLegend=false&fontSize=14&yMin=0&title=Connect FailureRate daily
172,{'analytics.webvisit.*'},graphite,analytics.webvisit.*,http://graphite.tokbox.com/render?from=-60days&until=now&width=1400&height=820&target=analytics.webvisit.*&hideLegend=false&fontSize=14&yMin=0&title=Connect FailureRate daily
173,{'analytics.WSCFailureRate.*.*.AllBrowserOS'},graphite,analytics.WSCFailureRate.*.*.AllBrowserOS,http://graphite.tokbox.com/render?from=-60days&until=now&width=1400&height=820&target=analytics.WSCFailureRate.*.*.AllBrowserOS&hideLegend=false&fontSize=14&yMin=0&title=Connect FailureRate daily
174,{'analytics.WSCFailureRate.*.*.AllBrowserOS'},graphite,analytics.WSCFailureRate.*.*.AllBrowserOS,http://graphite.tokbox.com/render?from=-60days&until=now&width=1400&height=820&target=analytics.WSCFailureRate.*.*.AllBrowserOS&hideLegend=false&fontSize=14&yMin=0&title=Connect FailureRate daily
175,{'analytics.WSCFailureRate.*.*.AllOS'},graphite,analytics.WSCFailureRate.*.*.AllOS,http://graphite.tokbox.com/render?from=-60days&until=now&width=1400&height=820&target=analytics.WSCFailureRate.*.*.AllOS&hideLegend=false&fontSize=14&yMin=0&title=Connect FailureRate daily
176,{'analytics.WSCFailureRate.*.*.AllOS'},graphite,analytics.WSCFailureRate.*.*.AllOS,http://graphite.tokbox.com/render?from=-60days&until=now&width=1400&height=820&target=analytics.WSCFailureRate.*.*.AllOS&hideLegend=false&fontSize=14&yMin=0&title=Connect FailureRate daily
177,{'analytics.WSCFailureRate.*.AllBrowser'},graphite,analytics.WSCFailureRate.*.AllBrowser,http://graphite.tokbox.com/render?from=-60days&until=now&width=1400&height=820&target=analytics.WSCFailureRate.*.AllBrowser&hideLegend=false&fontSize=14&yMin=0&title=Connect FailureRate daily
178,{'analytics.WSCFailureRate.*.AllBrowser'},graphite,analytics.WSCFailureRate.*.AllBrowser,http://graphite.tokbox.com/render?from=-60days&until=now&width=1400&height=820&target=analytics.WSCFailureRate.*.AllBrowser&hideLegend=false&fontSize=14&yMin=0&title=Connect FailureRate daily
179,{'analytics.WSCFailureRate.*.AllDataCenter'},graphite,analytics.WSCFailureRate.*.AllDataCenter,http://graphite.tokbox.com/render?from=-60days&until=now&width=1400&height=820&target=analytics.WSCFailureRate.*.AllDataCenter&hideLegend=false&fontSize=14&yMin=0&title=Connect FailureRate daily
180,{'analytics.WSCFailureRate.*.AllDataCenter'},graphite,analytics.WSCFailureRate.*.AllDataCenter,http://graphite.tokbox.com/render?from=-60days&until=now&width=1400&height=820&target=analytics.WSCFailureRate.*.AllDataCenter&hideLegend=false&fontSize=14&yMin=0&title=Connect FailureRate daily
181,{'analytics.WSCFailureRate.*.AllMantisServer'},graphite,analytics.WSCFailureRate.*.AllMantisServer,http://graphite.tokbox.com/render?from=-60days&until=now&width=1400&height=820&target=analytics.WSCFailureRate.*.AllMantisServer&hideLegend=false&fontSize=14&yMin=0&title=Connect FailureRate daily
182,{'analytics.WSCFailureRate.*.AllMantisServer'},graphite,analytics.WSCFailureRate.*.AllMantisServer,http://graphite.tokbox.com/render?from=-60days&until=now&width=1400&height=820&target=analytics.WSCFailureRate.*.AllMantisServer&hideLegend=false&fontSize=14&yMin=0&title=Connect FailureRate daily
183,{'analytics.WSCFailureRate.*.AllTop25'},graphite,analytics.WSCFailureRate.*.AllTop25,http://graphite.tokbox.com/render?from=-60days&until=now&width=1400&height=820&target=analytics.WSCFailureRate.*.AllTop25&hideLegend=false&fontSize=14&yMin=0&title=Connect FailureRate daily
184,{'analytics.WSCFailureRate.*.AllTop25'},graphite,analytics.WSCFailureRate.*.AllTop25,http://graphite.tokbox.com/render?from=-60days&until=now&width=1400&height=820&target=analytics.WSCFailureRate.*.AllTop25&hideLegend=false&fontSize=14&yMin=0&title=Connect FailureRate daily
185,{'analytics.WSCFailureRate.All'},graphite,analytics.WSCFailureRate.All,http://graphite.tokbox.com/render?from=-60days&until=now&width=1400&height=820&target=analytics.WSCFailureRate.All&hideLegend=false&fontSize=14&yMin=0&title=Connect FailureRate daily
186,{'analytics.WSCFailureRate.All'},graphite,analytics.WSCFailureRate.All,http://graphite.tokbox.com/render?from=-60days&until=now&width=1400&height=820&target=analytics.WSCFailureRate.All&hideLegend=false&fontSize=14&yMin=0&title=Connect FailureRate daily
187,{'analytics.WSCTimeoutRate.*.*.AllBrowserOS'},graphite,analytics.WSCTimeoutRate.*.*.AllBrowserOS,http://graphite.tokbox.com/render?from=-60days&until=now&width=1400&height=820&target=analytics.WSCTimeoutRate.*.*.AllBrowserOS&hideLegend=false&fontSize=14&yMin=0&title=Connect FailureRate daily
188,{'analytics.WSCTimeoutRate.*.*.AllOS'},graphite,analytics.WSCTimeoutRate.*.*.AllOS,http://graphite.tokbox.com/render?from=-60days&until=now&width=1400&height=820&target=analytics.WSCTimeoutRate.*.*.AllOS&hideLegend=false&fontSize=14&yMin=0&title=Connect FailureRate daily
189,{'analytics.WSCTimeoutRate.*.AllBrowser'},graphite,analytics.WSCTimeoutRate.*.AllBrowser,http://graphite.tokbox.com/render?from=-60days&until=now&width=1400&height=820&target=analytics.WSCTimeoutRate.*.AllBrowser&hideLegend=false&fontSize=14&yMin=0&title=Connect FailureRate daily
190,{'analytics.WSCTimeoutRate.*.AllDataCenter'},graphite,analytics.WSCTimeoutRate.*.AllDataCenter,http://graphite.tokbox.com/render?from=-60days&until=now&width=1400&height=820&target=analytics.WSCTimeoutRate.*.AllDataCenter&hideLegend=false&fontSize=14&yMin=0&title=Connect FailureRate daily
191,{'analytics.WSCTimeoutRate.*.AllMantisServer'},graphite,analytics.WSCTimeoutRate.*.AllMantisServer,http://graphite.tokbox.com/render?from=-60days&until=now&width=1400&height=820&target=analytics.WSCTimeoutRate.*.AllMantisServer&hideLegend=false&fontSize=14&yMin=0&title=Connect FailureRate daily
192,{'analytics.WSCTimeoutRate.*.AllTop25'},graphite,analytics.WSCTimeoutRate.*.AllTop25,http://graphite.tokbox.com/render?from=-60days&until=now&width=1400&height=820&target=analytics.WSCTimeoutRate.*.AllTop25&hideLegend=false&fontSize=14&yMin=0&title=Connect FailureRate daily
193,{'analytics.WSCTimeoutRate.All'},graphite,analytics.WSCTimeoutRate.All,http://graphite.tokbox.com/render?from=-60days&until=now&width=1400&height=820&target=analytics.WSCTimeoutRate.All&hideLegend=false&fontSize=14&yMin=0&title=Connect FailureRate daily
194,{'analytics.WSCTimeouts.*.*.AllBrowserOS'},graphite,analytics.WSCTimeouts.*.*.AllBrowserOS,http://graphite.tokbox.com/render?from=-60days&until=now&width=1400&height=820&target=analytics.WSCTimeouts.*.*.AllBrowserOS&hideLegend=false&fontSize=14&yMin=0&title=Connect FailureRate daily
195,{'analytics.WSCTimeouts.*.*.AllOS'},graphite,analytics.WSCTimeouts.*.*.AllOS,http://graphite.tokbox.com/render?from=-60days&until=now&width=1400&height=820&target=analytics.WSCTimeouts.*.*.AllOS&hideLegend=false&fontSize=14&yMin=0&title=Connect FailureRate daily
196,{'analytics.WSCTimeouts.*.AllBrowser'},graphite,analytics.WSCTimeouts.*.AllBrowser,http://graphite.tokbox.com/render?from=-60days&until=now&width=1400&height=820&target=analytics.WSCTimeouts.*.AllBrowser&hideLegend=false&fontSize=14&yMin=0&title=Connect FailureRate daily
197,{'analytics.WSCTimeouts.*.AllDataCenter'},graphite,analytics.WSCTimeouts.*.AllDataCenter,http://graphite.tokbox.com/render?from=-60days&until=now&width=1400&height=820&target=analytics.WSCTimeouts.*.AllDataCenter&hideLegend=false&fontSize=14&yMin=0&title=Connect FailureRate daily
198,{'analytics.WSCTimeouts.*.AllMantisServer'},graphite,analytics.WSCTimeouts.*.AllMantisServer,http://graphite.tokbox.com/render?from=-60days&until=now&width=1400&height=820&target=analytics.WSCTimeouts.*.AllMantisServer&hideLegend=false&fontSize=14&yMin=0&title=Connect FailureRate daily
199,{'analytics.WSCTimeouts.*.AllTop25'},graphite,analytics.WSCTimeouts.*.AllTop25,http://graphite.tokbox.com/render?from=-60days&until=now&width=1400&height=820&target=analytics.WSCTimeouts.*.AllTop25&hideLegend=false&fontSize=14&yMin=0&title=Connect FailureRate daily
200,{'analytics.WSCTimeouts.All'},graphite,analytics.WSCTimeouts.All,http://graphite.tokbox.com/render?from=-60days&until=now&width=1400&height=820&target=analytics.WSCTimeouts.All&hideLegend=false&fontSize=14&yMin=0&title=Connect FailureRate daily
201,{'asPercent(analytics.allowdenyfunnel.*)'},graphite,asPercent(analytics.allowdenyfunnel.*),http://graphite.tokbox.com/render?from=-60days&until=now&width=1400&height=820&target=asPercent(analytics.allowdenyfunnel.*)&hideLegend=false&fontSize=14&yMin=0&title=Connect FailureRate daily
202,{'asPercent(analytics.webvisit.*)'},graphite,asPercent(analytics.webvisit.*),http://graphite.tokbox.com/render?from=-60days&until=now&width=1400&height=820&target=asPercent(analytics.webvisit.*)&hideLegend=false&fontSize=14&yMin=0&title=Connect FailureRate daily
203,{'averageSeries(analytics.ConLoadTime.*.Top25ConConnections)'},graphite,averageSeries(analytics.ConLoadTime.*.Top25ConConnections),http://graphite.tokbox.com/render?from=-60days&until=now&width=1400&height=820&target=averageSeries(analytics.ConLoadTime.*.Top25ConConnections)&hideLegend=false&fontSize=14&yMin=0&title=Connect FailureRate daily
204,{'Hadoop.FSNamesystem.BlocksTotal'},graphite,Hadoop.FSNamesystem.BlocksTotal,http://graphite.tokbox.com/render?from=-60days&until=now&width=1400&height=820&target=Hadoop.FSNamesystem.BlocksTotal&hideLegend=false&fontSize=14&yMin=0&title=Connect FailureRate daily
205,{'highestCurrent(analytics.ConnectFailureRate.*.AllTop25;5)'},graphite,highestCurrent(analytics.ConnectFailureRate.*.AllTop25;5),http://graphite.tokbox.com/render?from=-60days&until=now&width=1400&height=820&target=highestCurrent(analytics.ConnectFailureRate.*.AllTop25;5)&hideLegend=false&fontSize=14&yMin=0&title=Connect FailureRate daily
206,{'highestCurrent(analytics.WSCFailureRate.*.AllTop25;5)'},graphite,highestCurrent(analytics.WSCFailureRate.*.AllTop25;5),http://graphite.tokbox.com/render?from=-60days&until=now&width=1400&height=820&target=highestCurrent(analytics.WSCFailureRate.*.AllTop25;5)&hideLegend=false&fontSize=14&yMin=0&title=Connect FailureRate daily
207,{'highestCurrent(analytics.WSCFailures.*.AllTop25;5)'},graphite,highestCurrent(analytics.WSCFailures.*.AllTop25;5),http://graphite.tokbox.com/render?from=-60days&until=now&width=1400&height=820&target=highestCurrent(analytics.WSCFailures.*.AllTop25;5)&hideLegend=false&fontSize=14&yMin=0&title=Connect FailureRate daily
208,{'highestCurrent(analytics.WSCTimeoutRate.*.AllTop25;5)'},graphite,highestCurrent(analytics.WSCTimeoutRate.*.AllTop25;5),http://graphite.tokbox.com/render?from=-60days&until=now&width=1400&height=820&target=highestCurrent(analytics.WSCTimeoutRate.*.AllTop25;5)&hideLegend=false&fontSize=14&yMin=0&title=Connect FailureRate daily
209,{'highestCurrent(analytics.WSCTimeouts.*.AllTop25;5)'},graphite,highestCurrent(analytics.WSCTimeouts.*.AllTop25;5),http://graphite.tokbox.com/render?from=-60days&until=now&width=1400&height=820&target=highestCurrent(analytics.WSCTimeouts.*.AllTop25;5)&hideLegend=false&fontSize=14&yMin=0&title=Connect FailureRate daily
210,"{'summarize(analytics_hourly.HourlyAPICalls.SessionResource.create.*.All;""1days"";""sum"")'}",graphite,"summarize(analytics_hourly.HourlyAPICalls.SessionResource.create.*.All;""1days"";""sum"")","http://graphite.tokbox.com/render?from=-60days&until=now&width=1400&height=820&target=summarize(analytics_hourly.HourlyAPICalls.SessionResource.create.*.All;""1days"";""sum"")&hideLegend=false&fontSize=14&yMin=0&title=Connect FailureRate daily"
211,"{'summarize(analytics.pageloadtime.*;""1week"";""avg"")'}",graphite,"summarize(analytics.pageloadtime.*;""1week"";""avg"")","http://graphite.tokbox.com/render?from=-60days&until=now&width=1400&height=820&target=summarize(analytics.pageloadtime.*;""1week"";""avg"")&hideLegend=false&fontSize=14&yMin=0&title=Connect FailureRate daily"
212,"{'summarize(carbon.agents.*_tokbox_com-a.metricsReceived;""1day"";""sum"")'}",graphite,"summarize(carbon.agents.*_tokbox_com-a.metricsReceived;""1day"";""sum"")","http://graphite.tokbox.com/render?from=-60days&until=now&width=1400&height=820&target=summarize(carbon.agents.*_tokbox_com-a.metricsReceived;""1day"";""sum"")&hideLegend=false&fontSize=14&yMin=0&title=Connect FailureRate daily"
213,"{'summarize(carbon.agents.*-a.metricsReceived;""1minute"";""sum"")'}",graphite,"summarize(carbon.agents.*-a.metricsReceived;""1minute"";""sum"")","http://graphite.tokbox.com/render?from=-60days&until=now&width=1400&height=820&target=summarize(carbon.agents.*-a.metricsReceived;""1minute"";""sum"")&hideLegend=false&fontSize=14&yMin=0&title=Connect FailureRate daily"
214,"{'summarize(Hadoop.JobTrackerInfo.map_slots_used;""1day"";""sum"")'}",graphite,"summarize(Hadoop.JobTrackerInfo.map_slots_used;""1day"";""sum"")","http://graphite.tokbox.com/render?from=-60days&until=now&width=1400&height=820&target=summarize(Hadoop.JobTrackerInfo.map_slots_used;""1day"";""sum"")&hideLegend=false&fontSize=14&yMin=0&title=Connect FailureRate daily"
215,"{'summarize(Hadoop.JobTrackerInfo.map_slots_used;""1hour"";""sum"")'}",graphite,"summarize(Hadoop.JobTrackerInfo.map_slots_used;""1hour"";""sum"")","http://graphite.tokbox.com/render?from=-60days&until=now&width=1400&height=820&target=summarize(Hadoop.JobTrackerInfo.map_slots_used;""1hour"";""sum"")&hideLegend=false&fontSize=14&yMin=0&title=Connect FailureRate daily"
